feature,anchor_external_ratio,form_external_ratio,form_invalid_action_ratio,script_external_ratio,image_external_ratio,iframe_external_ratio,link_resource_external_ratio,overall_external_resource_ratio,unique_external_registered_domains,dominant_resource_domain_mismatch
anchor_external_ratio,1.0,0.023654911005922024,-0.021736779343030355,0.12435486202757395,0.23447403082810975,0.17055682007670303,0.15512751909370076,0.27463155990560234,0.3592449482302682,0.13011725417336112
form_external_ratio,0.023654911005922024,1.0,0.006484940204374149,0.057921363954575464,0.01220994537081621,0.05321842873878099,-0.006515871605062157,0.04052860015970125,0.10173944951240997,0.012402975657747237
form_invalid_action_ratio,-0.021736779343030355,0.006484940204374149,1.0,0.11852652103150729,0.11790365693735302,0.060088302717629945,0.07191069025850998,0.06478739384988298,0.1576935680284833,0.057859613028215004
script_external_ratio,0.12435486202757395,0.057921363954575464,0.11852652103150729,1.0,0.4987295322733245,0.22463648929912805,0.5190712651612418,0.591513553576106,0.3046637926718577,0.44863687382254036
image_external_ratio,0.23447403082810975,0.01220994537081621,0.11790365693735302,0.4987295322733245,1.0,0.16727911504029644,0.4407295858975586,0.46157732627192777,0.3669478001472444,0.2839795433130896
iframe_external_ratio,0.17055682007670303,0.05321842873878099,0.060088302717629945,0.22463648929912805,0.16727911504029644,1.0,0.03552329958869921,0.00562128463027408,0.6542988625442285,-0.24718325882283101
link_resource_external_ratio,0.15512751909370076,-0.006515871605062157,0.07191069025850998,0.5190712651612418,0.4407295858975586,0.03552329958869921,1.0,0.673459970025363,0.245800081030081,0.48303233390729905
overall_external_resource_ratio,0.27463155990560234,0.04052860015970125,0.06478739384988298,0.591513553576106,0.46157732627192777,0.00562128463027408,0.673459970025363,1.0,0.14913692872666437,0.7189657980827702
unique_external_registered_domains,0.3592449482302682,0.10173944951240997,0.1576935680284833,0.3046637926718577,0.3669478001472444,0.6542988625442285,0.245800081030081,0.14913692872666437,1.0,-0.21820064688824095
dominant_resource_domain_mismatch,0.13011725417336112,0.012402975657747237,0.057859613028215004,0.44863687382254036,0.2839795433130896,-0.24718325882283101,0.48303233390729905,0.7189657980827702,-0.21820064688824095,1.0
