class,feature,observed_n,unavailable_n,denominator_zero_pct,mean_denominator
overall,anchor_external_ratio,397480,0,15.54895843816041,112.53940827211431
overall,form_external_ratio,397480,0,54.83923719432424,0.9260969105363792
overall,script_external_ratio,397480,0,8.217771963369227,17.494968300291838
overall,image_external_ratio,397480,0,16.65844822381,20.055378886988024
overall,iframe_external_ratio,397480,0,60.91425983697293,1.2390736640837274
overall,link_resource_external_ratio,397480,0,4.384874710677266,15.951031498440173
overall,form_invalid_action_ratio,397480,0,39.18083928751132,1.4863666096407366
overall,overall_external_resource_ratio,397480,0,1.239559223105565,168.20595753245448
benign,anchor_external_ratio,204388,0,4.262481163277688,197.74680998884475
benign,form_external_ratio,204388,0,39.29095641622796,1.420323110945848
benign,script_external_ratio,204388,0,3.048124156016987,27.390233281797364
benign,image_external_ratio,204388,0,7.48184824940799,29.578585826956573
benign,iframe_external_ratio,204388,0,36.073546392156096,2.187721392645361
benign,link_resource_external_ratio,204388,0,1.8401276004462102,22.73109478051549
benign,form_invalid_action_ratio,204388,0,25.382605632424603,2.124777384190853
benign,overall_external_resource_ratio,204388,0,0.2832847329588821,281.0547683817054
phishing,anchor_external_ratio,193092,0,27.49570153087647,22.34732148405941
phishing,form_external_ratio,193092,0,71.29710189961263,0.40295817537754025
phishing,script_external_ratio,193092,0,13.689847326662937,7.020824270296025
phishing,image_external_ratio,193092,0,26.371884904605057,9.975058521326622
phishing,iframe_external_ratio,193092,0,87.20817019866178,0.23492946367534648
phishing,link_resource_external_ratio,193092,0,7.078491081971289,8.774330371014853
phishing,form_invalid_action_ratio,193092,0,53.786278043626865,0.8106084146417252
phishing,overall_external_resource_ratio,193092,0,2.2517763553124936,48.755422285749795
