class,group,observed_n,element_present_pct,valid_reference_present_pct
overall,anchor,397480,88.2575223910637,84.45104156183959
overall,form,397480,60.819160712488674,45.16076280567576
overall,script,397480,96.95808594143102,91.78222803663077
overall,image,397480,85.72531951293146,83.34155177618999
overall,iframe,397480,46.84965281272014,39.08574016302707
overall,link_resource,397480,96.53517158096004,95.61512528932273
benign,anchor,204388,96.27815723036578,95.73751883672232
benign,form,204388,74.6173943675754,60.709043583772036
benign,script,204388,99.7054621602051,96.95187584398302
benign,image,204388,93.68162514433332,92.51815175059201
benign,iframe,204388,71.44548603636221,63.926453607843904
benign,link_resource,204388,98.24647239563966,98.15987239955379
phishing,anchor,193092,79.76767551219109,72.50429846912353
phishing,form,193092,46.21372195637313,28.70289810038738
phishing,script,193092,94.049986534916,86.31015267333706
phishing,image,193092,77.3035651399333,73.62811509539495
phishing,iframe,193092,20.81494831479295,12.791829801338222
phishing,link_resource,193092,94.72375862283265,92.92150891802872
