feature,statistic,0,1
anchor_external_ratio,count,204383.0,192622.0
anchor_external_ratio,mean,0.1378244494236543,0.2527629399299069
anchor_external_ratio,std,0.17147790858570644,0.36834133862157786
anchor_external_ratio,min,0.0,0.0
anchor_external_ratio,25%,0.02956989247311828,0.0
anchor_external_ratio,50%,0.08411214953271028,0.0
anchor_external_ratio,75%,0.1791044776119403,0.4801321585903084
anchor_external_ratio,max,1.0,1.0
form_external_ratio,count,204383.0,192622.0
form_external_ratio,mean,0.04238178911475076,0.060089744503140224
form_external_ratio,std,0.1768036763477086,0.23493115881399296
form_external_ratio,min,0.0,0.0
form_external_ratio,25%,0.0,0.0
form_external_ratio,50%,0.0,0.0
form_external_ratio,75%,0.0,0.0
form_external_ratio,max,1.0,1.0
form_invalid_action_ratio,count,204383.0,193084.0
form_invalid_action_ratio,mean,0.23176953745384046,0.21315649484809643
form_invalid_action_ratio,std,0.3708095461499376,0.38879194426224534
form_invalid_action_ratio,min,0.0,0.0
form_invalid_action_ratio,25%,0.0,0.0
form_invalid_action_ratio,50%,0.0,0.0
form_invalid_action_ratio,75%,0.5,0.0
form_invalid_action_ratio,max,1.0,1.0
script_external_ratio,count,204383.0,192622.0
script_external_ratio,mean,0.563804250396035,0.5013451612720986
script_external_ratio,std,0.3538454457864051,0.4493175608001211
script_external_ratio,min,0.0,0.0
script_external_ratio,25%,0.25,0.0
script_external_ratio,50%,0.6276595744680851,0.5
script_external_ratio,75%,0.896551724137931,1.0
script_external_ratio,max,1.0,1.0
image_external_ratio,count,204383.0,192622.0
image_external_ratio,mean,0.3821425849160884,0.3450126561311906
image_external_ratio,std,0.4129215860097485,0.4478467557170207
image_external_ratio,min,0.0,0.0
image_external_ratio,25%,0.0,0.0
image_external_ratio,50%,0.16666666666666666,0.0
image_external_ratio,75%,0.875,1.0
image_external_ratio,max,1.0,1.0
iframe_external_ratio,count,204383.0,192622.0
iframe_external_ratio,mean,0.5859602051286773,0.08003423636262329
iframe_external_ratio,std,0.47944057817579866,0.27041217509980253
iframe_external_ratio,min,0.0,0.0
iframe_external_ratio,25%,0.0,0.0
iframe_external_ratio,50%,1.0,0.0
iframe_external_ratio,75%,1.0,0.0
iframe_external_ratio,max,1.0,1.0
link_resource_external_ratio,count,204383.0,192622.0
link_resource_external_ratio,mean,0.3382670790116383,0.4383059388098675
link_resource_external_ratio,std,0.3169550699526766,0.41002576710730093
link_resource_external_ratio,min,0.0,0.0
link_resource_external_ratio,25%,0.0625,0.0
link_resource_external_ratio,50%,0.25,0.4
link_resource_external_ratio,75%,0.5454545454545454,0.9
link_resource_external_ratio,max,1.0,1.0
overall_external_resource_ratio,count,204383.0,192622.0
overall_external_resource_ratio,mean,0.26909106769559127,0.46039467353253233
overall_external_resource_ratio,std,0.203173156354696,0.3608473049481423
overall_external_resource_ratio,min,0.0,0.0
overall_external_resource_ratio,25%,0.11965811965811966,0.1
overall_external_resource_ratio,50%,0.2204724409448819,0.47415730337078654
overall_external_resource_ratio,75%,0.37333333333333335,0.8
overall_external_resource_ratio,max,1.0,1.0
unique_external_registered_domains,count,204383.0,192622.0
unique_external_registered_domains,mean,18.51623178052969,3.101784842852841
unique_external_registered_domains,std,28.290403120756164,4.16952756749194
unique_external_registered_domains,min,0.0,0.0
unique_external_registered_domains,25%,7.0,1.0
unique_external_registered_domains,50%,15.0,2.0
unique_external_registered_domains,75%,25.0,4.0
unique_external_registered_domains,max,1628.0,154.0
dominant_resource_domain_mismatch,count,204383.0,192622.0
dominant_resource_domain_mismatch,mean,0.060846547902712066,0.41979109343688675
dominant_resource_domain_mismatch,std,0.2390492106376258,0.49352588158414246
dominant_resource_domain_mismatch,min,0.0,0.0
dominant_resource_domain_mismatch,25%,0.0,0.0
dominant_resource_domain_mismatch,50%,0.0,0.0
dominant_resource_domain_mismatch,75%,0.0,1.0
dominant_resource_domain_mismatch,max,1.0,1.0
