partition,class,feature,rows,observed_n,missing_pct_all,zero_pct_observed,zero_with_positive_denominator_n,zero_with_zero_denominator_n
internal_train,overall,anchor_external_ratio,397480,397005,0.11950286806883366,35.14691250739915,77927.0,61608.0
internal_train,overall,form_external_ratio,397480,397005,0.11950286806883366,93.56557222201232,153923.0,217537.0
internal_train,overall,form_invalid_action_ratio,397480,397467,0.0032706048103049207,71.035834421474,126613.0,155731.0
internal_train,overall,script_external_ratio,397480,397005,0.11950286806883366,25.71075931033614,69593.0,32480.0
internal_train,overall,image_external_ratio,397480,397005,0.11950286806883366,46.330650747471694,117986.0,65949.0
internal_train,overall,iframe_external_ratio,397480,397005,0.11950286806883366,64.6659361972771,15027.0,241700.0
internal_train,overall,link_resource_external_ratio,397480,397005,0.11950286806883366,24.949559829221293,81769.0,17282.0
internal_train,overall,overall_external_resource_ratio,397480,397005,0.11950286806883366,6.227881260941298,19861.0,4864.0
internal_train,overall,unique_external_registered_domains,397480,397005,0.11950286806883366,6.227881260941298,,
internal_train,overall,dominant_resource_domain_mismatch,397480,397005,0.11950286806883366,76.49979219405297,,
internal_train,benign,anchor_external_ratio,204388,204383,0.0024463275730473412,14.219382238248778,20350.0,8712.0
internal_train,benign,form_external_ratio,204388,204383,0.0024463275730473412,93.41383578869083,110620.0,80302.0
internal_train,benign,form_invalid_action_ratio,204388,204383,0.0024463275730473412,66.99040526853994,85039.0,51878.0
internal_train,benign,script_external_ratio,204388,204383,0.0024463275730473412,14.279563368773331,22956.0,6229.0
internal_train,benign,image_external_ratio,204388,204383,0.0024463275730473412,34.85808506578336,55954.0,15290.0
internal_train,benign,iframe_external_ratio,204388,204383,0.0024463275730473412,39.025750673979736,6035.0,73727.0
internal_train,benign,link_resource_external_ratio,204388,204383,0.0024463275730473412,20.39357480808091,37921.0,3760.0
internal_train,benign,overall_external_resource_ratio,204388,204383,0.0024463275730473412,3.0481987249428766,5651.0,579.0
internal_train,benign,unique_external_registered_domains,204388,204383,0.0024463275730473412,3.0481987249428766,,
internal_train,benign,dominant_resource_domain_mismatch,204388,204383,0.0024463275730473412,93.9153452097288,,
internal_train,phishing,anchor_external_ratio,193092,192622,0.24340728771777181,57.35222352586932,57577.0,52896.0
internal_train,phishing,form_external_ratio,193092,192622,0.24340728771777181,93.72657328861709,43303.0,137235.0
internal_train,phishing,form_invalid_action_ratio,193092,193084,0.004143102769664201,75.31799631248576,41574.0,103853.0
internal_train,phishing,script_external_ratio,193092,192622,0.24340728771777181,37.839914443833,46637.0,26251.0
internal_train,phishing,image_external_ratio,193092,192622,0.24340728771777181,58.50370155018637,62032.0,50659.0
internal_train,phishing,iframe_external_ratio,193092,192622,0.24340728771777181,91.87164498343907,8992.0,167973.0
internal_train,phishing,link_resource_external_ratio,193092,192622,0.24340728771777181,29.78372148560393,43848.0,13522.0
internal_train,phishing,overall_external_resource_ratio,193092,192622,0.24340728771777181,9.601706970128022,14210.0,4285.0
internal_train,phishing,unique_external_registered_domains,193092,192622,0.24340728771777181,9.601706970128022,,
internal_train,phishing,dominant_resource_domain_mismatch,193092,192622,0.24340728771777181,58.02089065631133,,
