,url_length,hostname_length,path_length,query_length,num_dots,num_hyphens,num_digits,digit_ratio,num_subdomains,path_depth,num_query_params,has_ip_host,has_punycode,has_at_symbol,url_entropy
url_length,1.0,0.04286983305303665,0.8445625157135037,0.2191971660688908,0.3303689562055094,0.5708877057017732,0.4521840276361548,0.368002859068228,0.1934088882373989,0.7112057094054394,0.21873763186497516,-0.03155462261288804,-0.0013194678629453993,0.052104350726372296,0.759017438761798
hostname_length,0.04286983305303665,1.0,-0.38037716719534903,-0.01941158378102696,0.29125124140443803,0.08220030181738214,-0.003666336173850149,0.003762470566352594,0.3909801817136931,-0.3832606314841235,-0.020169281256574065,-0.04206374969010378,0.01987224712829931,-0.02072405106029282,0.0722996297650126
path_length,0.8445625157135037,-0.38037716719534903,1.0,0.08189279115575966,0.1684111156971385,0.45424425538853663,0.354884949415416,0.2814574422774791,-0.0011280869600502005,0.8841797072720583,0.08272644577645429,-0.01874934207045202,-0.012322504875038661,0.022374824267562744,0.5963884318702989
query_length,0.2191971660688908,-0.01941158378102696,0.08189279115575966,1.0,0.07988050906749225,0.046592857286073326,0.24569285007643207,0.19475981740143883,0.018567276217898172,0.09146795149655759,0.9994919495570087,0.01785112416302978,-0.0018209112095964835,0.08540167156785691,0.24743613306206425
num_dots,0.3303689562055094,0.29125124140443803,0.1684111156971385,0.07988050906749225,1.0,0.020752625654182517,0.18983085313455889,0.1658928565341166,0.7192743173113457,0.2027862876274779,0.07916959652370043,0.058333119420319074,-0.006993209137879003,0.056140130208428556,0.30818148839224074
num_hyphens,0.5708877057017732,0.08220030181738214,0.45424425538853663,0.046592857286073326,0.020752625654182517,1.0,0.1639467567993729,0.12027102794954662,0.007565059928878003,0.2562453892811672,0.04647704257713977,-0.025161831320008404,0.020762830430918488,-0.023429807379781963,0.4001843586172942
num_digits,0.4521840276361548,-0.003666336173850149,0.354884949415416,0.24569285007643207,0.18983085313455889,0.1639467567993729,1.0,0.9874752636930898,0.08309939837575624,0.3215055205043827,0.24525635553274305,0.05252864120985775,0.011734299240441334,0.03377638467035933,0.6813629907721827
digit_ratio,0.368002859068228,0.003762470566352594,0.2814574422774791,0.19475981740143883,0.1658928565341166,0.12027102794954662,0.9874752636930898,1.0,0.06778172888428426,0.2613703406379425,0.1942638475690071,0.06373548816517435,0.013672813579919525,0.027306784557895484,0.6331676731016983
num_subdomains,0.1934088882373989,0.3909801817136931,-0.0011280869600502005,0.018567276217898172,0.7192743173113457,0.007565059928878003,0.08309939837575624,0.06778172888428426,1.0,0.04695711617495918,0.018594889569711764,-0.06666160339234696,-0.0069762157454019745,-0.02341752126693599,0.21327960856289002
path_depth,0.7112057094054394,-0.3832606314841235,0.8841797072720583,0.09146795149655759,0.2027862876274779,0.2562453892811672,0.3215055205043827,0.2613703406379425,0.04695711617495918,1.0,0.0921572199949666,-0.019335543435587587,-0.01278652912094126,0.0051333399184054435,0.4995967221178159
num_query_params,0.21873763186497516,-0.020169281256574065,0.08272644577645429,0.9994919495570087,0.07916959652370043,0.04647704257713977,0.24525635553274305,0.1942638475690071,0.018594889569711764,0.0921572199949666,1.0,0.01733911534126444,-0.0018108017064477843,0.08470670922326556,0.2471460104094019
has_ip_host,-0.03155462261288804,-0.04206374969010378,-0.01874934207045202,0.01785112416302978,0.058333119420319074,-0.025161831320008404,0.05252864120985775,0.06373548816517435,-0.06666160339234696,-0.019335543435587587,0.01733911534126444,1.0,-0.0006412330486748341,-0.0024778150846482,-0.025755628311577298
has_punycode,-0.0013194678629453993,0.01987224712829931,-0.012322504875038661,-0.0018209112095964835,-0.006993209137879003,0.020762830430918488,0.011734299240441334,0.013672813579919525,-0.0069762157454019745,-0.01278652912094126,-0.0018108017064477843,-0.0006412330486748341,1.0,-0.0013712767816275741,0.011672507033236508
has_at_symbol,0.052104350726372296,-0.02072405106029282,0.022374824267562744,0.08540167156785691,0.056140130208428556,-0.023429807379781963,0.03377638467035933,0.027306784557895484,-0.02341752126693599,0.0051333399184054435,0.08470670922326556,-0.0024778150846482,-0.0013712767816275741,1.0,0.0660085344119975
url_entropy,0.759017438761798,0.0722996297650126,0.5963884318702989,0.24743613306206425,0.30818148839224074,0.4001843586172942,0.6813629907721827,0.6331676731016983,0.21327960856289002,0.4995967221178159,0.2471460104094019,-0.025755628311577298,0.011672507033236508,0.0660085344119975,1.0
