level_0,level_1,0,1
url_length,count,204388.0,193092.0
url_length,mean,60.962884318061725,51.620973421995735
url_length,std,28.332935018130765,97.0388833342038
url_length,min,8.0,12.0
url_length,25%,42.0,32.0
url_length,50%,55.0,39.0
url_length,75%,74.0,56.0
url_length,max,1000.0,25523.0
hostname_length,count,204383.0,193084.0
hostname_length,mean,17.57735232382341,25.09500010358186
hostname_length,std,5.2173937745225105,10.971462146660285
hostname_length,min,4.0,4.0
hostname_length,25%,14.0,18.0
hostname_length,50%,17.0,24.0
hostname_length,75%,20.0,30.0
hostname_length,max,73.0,102.0
path_length,count,204383.0,193084.0
path_length,mean,35.49423875762661,14.006375463528826
path_length,std,28.139260176058116,33.60887481213849
path_length,min,0.0,0.0
path_length,25%,17.0,1.0
path_length,50%,29.0,3.0
path_length,75%,48.0,14.0
path_length,max,979.0,3212.0
query_length,count,204383.0,193084.0
query_length,mean,0.012011762230713905,4.108895610200742
query_length,std,2.463300822367948,35.1027537917119
query_length,min,0.0,0.0
query_length,25%,0.0,0.0
query_length,50%,0.0,0.0
query_length,75%,0.0,0.0
query_length,max,651.0,2481.0
num_dots,count,204388.0,193092.0
num_dots,mean,2.12009511321604,2.0677863401901684
num_dots,std,0.7232474109282545,0.8073959381023063
num_dots,min,1.0,1.0
num_dots,25%,2.0,2.0
num_dots,50%,2.0,2.0
num_dots,75%,2.0,2.0
num_dots,max,28.0,42.0
num_hyphens,count,204388.0,193092.0
num_hyphens,mean,2.424917314128031,1.0762952375033663
num_hyphens,std,3.4041340030926737,2.1349949000275648
num_hyphens,min,0.0,0.0
num_hyphens,25%,0.0,0.0
num_hyphens,50%,1.0,0.0
num_hyphens,75%,4.0,2.0
num_hyphens,max,45.0,100.0
num_digits,count,204388.0,193092.0
num_digits,mean,3.0611581893261834,5.195694280446626
num_digits,std,6.838009411216024,20.76855173187111
num_digits,min,0.0,0.0
num_digits,25%,0.0,0.0
num_digits,50%,0.0,0.0
num_digits,75%,4.0,6.0
num_digits,max,371.0,3413.0
digit_ratio,count,204388.0,193092.0
digit_ratio,mean,0.0427841499498391,0.06631424797006702
digit_ratio,std,0.08037430889169056,0.10448927918048642
digit_ratio,min,0.0,0.0
digit_ratio,25%,0.0,0.0
digit_ratio,50%,0.0,0.0
digit_ratio,75%,0.058823529411764705,0.10590183093104791
digit_ratio,max,0.6477272727272727,0.8947368421052632
num_subdomains,count,204383.0,193082.0
num_subdomains,mean,0.8625570619865645,0.8585678623589977
num_subdomains,std,0.4428582038244823,0.5059083032738276
num_subdomains,min,0.0,0.0
num_subdomains,25%,1.0,1.0
num_subdomains,50%,1.0,1.0
num_subdomains,75%,1.0,1.0
num_subdomains,max,5.0,8.0
path_depth,count,204383.0,193084.0
path_depth,mean,2.3744391656840342,0.9645646454392907
path_depth,std,1.487224391321949,1.529112109949445
path_depth,min,0.0,0.0
path_depth,25%,1.0,0.0
path_depth,50%,2.0,1.0
path_depth,75%,3.0,1.0
path_depth,max,28.0,150.0
num_query_params,count,204383.0,193084.0
num_query_params,mean,0.0002544242916485226,0.1509498456630275
num_query_params,std,0.04692221987923781,0.8537024658633906
num_query_params,min,0.0,0.0
num_query_params,25%,0.0,0.0
num_query_params,50%,0.0,0.0
num_query_params,75%,0.0,0.0
num_query_params,max,13.0,81.0
has_ip_host,count,204383.0,193084.0
has_ip_host,mean,0.0,0.0023823827971245675
has_ip_host,std,0.0,0.04875160877939021
has_ip_host,min,0.0,0.0
has_ip_host,25%,0.0,0.0
has_ip_host,50%,0.0,0.0
has_ip_host,75%,0.0,0.0
has_ip_host,max,0.0,1.0
has_punycode,count,204383.0,193084.0
has_punycode,mean,0.00016635434453941863,0.0005541629549833233
has_punycode,std,0.012896801331115358,0.023534203340864063
has_punycode,min,0.0,0.0
has_punycode,25%,0.0,0.0
has_punycode,50%,0.0,0.0
has_punycode,75%,0.0,0.0
has_punycode,max,1.0,1.0
has_at_symbol,count,204388.0,193092.0
has_at_symbol,mean,0.0034101806368279936,0.007260787603836513
has_at_symbol,std,0.05829723778089892,0.08490056476309733
has_at_symbol,min,0.0,0.0
has_at_symbol,25%,0.0,0.0
has_at_symbol,50%,0.0,0.0
has_at_symbol,75%,0.0,0.0
has_at_symbol,max,1.0,1.0
url_entropy,count,204388.0,193092.0
url_entropy,mean,4.228250362669181,4.240418069762905
url_entropy,std,0.25224325011198495,0.4454585496594518
url_entropy,min,2.1556390622295662,2.040563632164442
url_entropy,25%,4.081372281091374,3.9659806410190876
url_entropy,50%,4.2296839852164405,4.137537511266052
url_entropy,75%,4.380362979168036,4.427054814788073
url_entropy,max,6.002786591321735,6.0365563924764025
