record_id,label,url_length,hostname_length,path_length,query_length,num_dots,num_hyphens,num_digits,digit_ratio,num_subdomains,path_depth,num_query_params,has_ip_host,has_punycode,has_at_symbol,url_entropy
train:0,0,69.0,30.0,31.0,0.0,2.0,4.0,0.0,0.0,1.0,1.0,0.0,0.0,0.0,0.0,4.204407384528109
train:1,0,33.0,13.0,12.0,0.0,2.0,0.0,0.0,0.0,0.0,1.0,0.0,0.0,0.0,0.0,4.104407755459851
train:2,0,89.0,19.0,62.0,0.0,2.0,6.0,0.0,0.0,1.0,4.0,0.0,0.0,0.0,0.0,4.1211821013632655
train:3,0,66.0,31.0,27.0,0.0,2.0,4.0,0.0,0.0,1.0,1.0,0.0,0.0,0.0,0.0,4.173182666534703
train:4,0,97.0,24.0,65.0,0.0,2.0,5.0,20.0,0.20618556701030927,1.0,4.0,0.0,0.0,0.0,0.0,4.807092389813153
train:5,0,50.0,14.0,36.0,0.0,1.0,5.0,0.0,0.0,0.0,1.0,0.0,0.0,0.0,0.0,4.1039818205809055
train:6,0,67.0,19.0,40.0,0.0,2.0,5.0,0.0,0.0,1.0,2.0,0.0,0.0,0.0,0.0,4.3497650343429815
train:7,1,98.0,40.0,50.0,0.0,3.0,2.0,24.0,0.24489795918367346,1.0,2.0,0.0,0.0,0.0,0.0,4.847622824451178
train:8,1,63.0,44.0,11.0,0.0,2.0,2.0,16.0,0.25396825396825395,1.0,1.0,0.0,0.0,0.0,0.0,4.682853335854921
train:9,0,43.0,26.0,9.0,0.0,2.0,0.0,0.0,0.0,1.0,1.0,0.0,0.0,0.0,0.0,4.199406905814575
train:10,0,86.0,16.0,62.0,0.0,2.0,9.0,0.0,0.0,1.0,3.0,0.0,0.0,0.0,0.0,4.183963403463469
train:11,1,84.0,15.0,61.0,0.0,2.0,0.0,13.0,0.15476190476190477,1.0,4.0,0.0,0.0,0.0,0.0,5.141619208183979
train:12,1,36.0,25.0,3.0,0.0,2.0,0.0,0.0,0.0,1.0,1.0,0.0,0.0,0.0,0.0,3.926733681937771
train:13,1,46.0,22.0,16.0,0.0,2.0,0.0,0.0,0.0,0.0,2.0,0.0,0.0,0.0,0.0,3.988144771641998
train:14,1,86.0,43.0,35.0,0.0,3.0,1.0,30.0,0.3488372093023256,1.0,1.0,0.0,0.0,0.0,0.0,4.801280964447977
train:15,1,60.0,43.0,9.0,0.0,3.0,1.0,19.0,0.31666666666666665,1.0,1.0,0.0,0.0,0.0,0.0,4.6362434129830605
train:16,0,68.0,14.0,46.0,0.0,2.0,2.0,7.0,0.10294117647058823,1.0,6.0,0.0,0.0,0.0,0.0,4.500460680060727
train:17,1,26.0,18.0,1.0,0.0,1.0,0.0,0.0,0.0,0.0,0.0,0.0,0.0,0.0,0.0,3.8919954870390203
train:18,0,40.0,31.0,1.0,0.0,2.0,0.0,0.0,0.0,1.0,0.0,0.0,0.0,0.0,0.0,4.062814895472355
train:19,0,58.0,10.0,40.0,0.0,3.0,0.0,18.0,0.3103448275862069,0.0,5.0,0.0,0.0,0.0,0.0,4.050659482400378
train:20,1,83.0,74.0,1.0,0.0,3.0,0.0,6.0,0.07228915662650602,2.0,0.0,0.0,0.0,0.0,0.0,4.756029835624695
train:21,1,38.0,29.0,1.0,0.0,3.0,0.0,4.0,0.10526315789473684,1.0,0.0,0.0,0.0,0.0,0.0,3.7930798156766308
train:22,1,37.0,28.0,1.0,0.0,2.0,0.0,0.0,0.0,1.0,0.0,0.0,0.0,0.0,0.0,4.229327351940021
train:23,0,33.0,10.0,15.0,0.0,1.0,1.0,1.0,0.030303030303030304,0.0,2.0,0.0,0.0,0.0,0.0,4.124256907946324
train:24,0,24.0,15.0,1.0,0.0,2.0,0.0,2.0,0.08333333333333333,1.0,0.0,0.0,0.0,0.0,0.0,3.938721875540867
train:25,1,37.0,28.0,1.0,0.0,2.0,2.0,0.0,0.0,1.0,0.0,0.0,0.0,0.0,0.0,3.990009704040741
train:26,0,37.0,15.0,14.0,0.0,2.0,0.0,0.0,0.0,1.0,2.0,0.0,0.0,0.0,0.0,4.046762824854521
train:27,0,74.0,16.0,50.0,0.0,3.0,0.0,26.0,0.35135135135135137,1.0,2.0,0.0,0.0,0.0,0.0,4.609753413670232
train:28,0,19.0,10.0,1.0,0.0,1.0,0.0,0.0,0.0,0.0,0.0,0.0,0.0,0.0,0.0,3.5368867237421675
train:29,0,51.0,13.0,30.0,0.0,2.0,0.0,0.0,0.0,1.0,3.0,0.0,0.0,0.0,0.0,4.139468293591416
train:30,0,38.0,17.0,13.0,0.0,2.0,0.0,0.0,0.0,1.0,1.0,0.0,0.0,0.0,0.0,3.997670276487613
train:31,0,79.0,17.0,54.0,0.0,3.0,3.0,5.0,0.06329113924050633,1.0,4.0,0.0,0.0,0.0,0.0,4.388915008972231
train:32,0,49.0,10.0,31.0,0.0,2.0,0.0,0.0,0.0,1.0,3.0,0.0,0.0,0.0,0.0,4.145849263481798
train:33,1,36.0,22.0,1.0,4.0,2.0,0.0,0.0,0.0,1.0,0.0,1.0,0.0,0.0,0.0,4.0514621540398
train:34,0,60.0,11.0,41.0,0.0,2.0,2.0,0.0,0.0,1.0,3.0,0.0,0.0,0.0,0.0,4.3219975301118385
train:35,1,272.0,10.0,16.0,237.0,2.0,6.0,34.0,0.125,0.0,1.0,8.0,0.0,0.0,0.0,5.366006448302954
train:36,0,36.0,17.0,11.0,0.0,2.0,0.0,0.0,0.0,1.0,2.0,0.0,0.0,0.0,0.0,4.083274571476652
train:37,0,55.0,25.0,22.0,0.0,2.0,0.0,0.0,0.0,1.0,3.0,0.0,0.0,0.0,0.0,4.104290059751433
train:38,0,55.0,20.0,27.0,0.0,2.0,1.0,2.0,0.03636363636363636,1.0,3.0,0.0,0.0,0.0,0.0,4.42264960528465
train:39,1,35.0,26.0,1.0,0.0,2.0,1.0,6.0,0.17142857142857143,1.0,0.0,0.0,0.0,0.0,0.0,4.357295873840569
train:40,1,25.0,16.0,1.0,0.0,2.0,0.0,0.0,0.0,1.0,0.0,0.0,0.0,0.0,0.0,3.943465189601647
train:41,1,60.0,20.0,32.0,0.0,3.0,1.0,6.0,0.1,1.0,3.0,0.0,0.0,0.0,0.0,4.537907837484892
train:42,0,53.0,24.0,21.0,0.0,2.0,1.0,0.0,0.0,1.0,2.0,0.0,0.0,0.0,0.0,4.1854939269810405
train:43,0,39.0,15.0,16.0,0.0,2.0,0.0,0.0,0.0,1.0,2.0,0.0,0.0,0.0,0.0,3.833371693654795
train:44,1,30.0,22.0,1.0,0.0,2.0,1.0,0.0,0.0,1.0,0.0,0.0,0.0,0.0,0.0,3.9898980954642878
train:45,1,70.0,61.0,1.0,0.0,2.0,4.0,22.0,0.3142857142857143,1.0,0.0,0.0,0.0,0.0,0.0,4.592870516635899
train:46,1,175.0,45.0,122.0,0.0,3.0,1.0,19.0,0.10857142857142857,1.0,14.0,0.0,0.0,0.0,0.0,4.722759032666846
train:47,1,43.0,27.0,8.0,0.0,2.0,2.0,0.0,0.0,1.0,1.0,0.0,0.0,0.0,0.0,4.016283580676733
train:48,1,28.0,19.0,1.0,0.0,2.0,0.0,0.0,0.0,1.0,0.0,0.0,0.0,0.0,0.0,3.797902689682947
train:49,1,31.0,23.0,1.0,0.0,1.0,0.0,0.0,0.0,0.0,0.0,0.0,0.0,0.0,0.0,3.6309850197851374
train:50,0,39.0,14.0,17.0,0.0,2.0,0.0,0.0,0.0,1.0,3.0,0.0,0.0,0.0,0.0,3.916579706419834
train:51,0,53.0,17.0,28.0,0.0,2.0,1.0,1.0,0.018867924528301886,1.0,3.0,0.0,0.0,0.0,0.0,4.228223408235576
train:52,0,52.0,17.0,27.0,0.0,3.0,0.0,7.0,0.1346153846153846,1.0,3.0,0.0,0.0,0.0,0.0,4.190757151525363
train:53,1,40.0,31.0,1.0,0.0,2.0,0.0,3.0,0.075,1.0,0.0,0.0,0.0,0.0,0.0,4.043942707918269
train:54,1,175.0,15.0,108.0,43.0,2.0,1.0,16.0,0.09142857142857143,1.0,5.0,3.0,0.0,0.0,0.0,5.529480365080663
train:55,1,27.0,18.0,1.0,0.0,2.0,0.0,0.0,0.0,1.0,0.0,0.0,0.0,0.0,0.0,3.8380398168981547
train:56,0,88.0,16.0,64.0,0.0,1.0,5.0,0.0,0.0,0.0,4.0,0.0,0.0,0.0,0.0,4.12328502905046
train:57,1,52.0,22.0,14.0,7.0,3.0,1.0,5.0,0.09615384615384616,1.0,1.0,1.0,0.0,0.0,0.0,4.41910913192781
train:58,0,60.0,15.0,37.0,0.0,1.0,3.0,0.0,0.0,0.0,3.0,0.0,0.0,0.0,0.0,4.274418313907282
train:59,0,53.0,12.0,33.0,0.0,1.0,2.0,0.0,0.0,0.0,2.0,0.0,0.0,0.0,0.0,4.053049587195118
train:60,0,62.0,18.0,36.0,0.0,2.0,4.0,0.0,0.0,1.0,2.0,0.0,0.0,0.0,0.0,4.117930642129386
train:61,0,66.0,16.0,42.0,0.0,2.0,6.0,0.0,0.0,1.0,2.0,0.0,0.0,0.0,0.0,4.483249233909099
train:62,1,33.0,24.0,1.0,0.0,2.0,0.0,0.0,0.0,1.0,0.0,0.0,0.0,0.0,0.0,4.0407754684868245
train:63,0,66.0,19.0,39.0,0.0,3.0,0.0,0.0,0.0,1.0,3.0,0.0,0.0,0.0,0.0,4.12992883362147
train:64,0,77.0,17.0,52.0,0.0,2.0,6.0,0.0,0.0,1.0,1.0,0.0,0.0,0.0,0.0,4.303816457862277
train:65,0,36.0,15.0,13.0,0.0,2.0,1.0,2.0,0.05555555555555555,1.0,2.0,0.0,0.0,0.0,0.0,4.384795487373134
train:66,1,60.0,29.0,23.0,0.0,2.0,0.0,14.0,0.23333333333333334,1.0,2.0,0.0,0.0,0.0,0.0,4.642318879259732
train:67,1,66.0,29.0,29.0,0.0,2.0,2.0,21.0,0.3181818181818182,1.0,3.0,0.0,0.0,0.0,0.0,4.61100989308379
train:68,1,50.0,29.0,13.0,0.0,3.0,2.0,2.0,0.04,1.0,2.0,0.0,0.0,0.0,0.0,4.2785629396449165
train:69,0,86.0,20.0,58.0,0.0,2.0,4.0,0.0,0.0,1.0,2.0,0.0,0.0,0.0,0.0,4.3485403020113775
train:70,0,73.0,23.0,42.0,0.0,3.0,1.0,0.0,0.0,1.0,3.0,0.0,0.0,0.0,0.0,4.2585382665275295
train:71,0,72.0,15.0,49.0,0.0,2.0,7.0,0.0,0.0,1.0,2.0,0.0,0.0,0.0,0.0,4.380897224352386
train:72,1,52.0,31.0,13.0,0.0,2.0,1.0,7.0,0.1346153846153846,1.0,1.0,0.0,0.0,0.0,0.0,4.779780045430953
train:73,1,190.0,15.0,108.0,58.0,3.0,4.0,14.0,0.07368421052631578,1.0,5.0,4.0,0.0,0.0,0.0,5.515118452033571
train:74,0,51.0,17.0,26.0,0.0,3.0,0.0,0.0,0.0,1.0,2.0,0.0,0.0,0.0,0.0,4.196264312262784
train:75,0,81.0,21.0,52.0,0.0,3.0,6.0,0.0,0.0,1.0,3.0,0.0,0.0,0.0,0.0,4.329686195244877
train:76,0,38.0,29.0,1.0,0.0,2.0,0.0,0.0,0.0,1.0,0.0,0.0,0.0,0.0,0.0,3.8854423157904976
train:77,0,46.0,13.0,25.0,0.0,3.0,0.0,0.0,0.0,1.0,2.0,0.0,0.0,0.0,0.0,4.229871195093384
train:78,0,40.0,22.0,10.0,0.0,3.0,0.0,0.0,0.0,1.0,1.0,0.0,0.0,0.0,0.0,4.208694969562842
train:79,0,42.0,22.0,12.0,0.0,2.0,1.0,0.0,0.0,1.0,1.0,0.0,0.0,0.0,0.0,3.9847122923320044
train:80,0,113.0,23.0,82.0,0.0,2.0,9.0,5.0,0.04424778761061947,1.0,1.0,0.0,0.0,0.0,0.0,4.39842909272531
train:81,0,62.0,19.0,35.0,0.0,2.0,3.0,0.0,0.0,1.0,2.0,0.0,0.0,0.0,0.0,4.155809925122883
train:82,0,39.0,12.0,19.0,0.0,3.0,1.0,0.0,0.0,1.0,2.0,0.0,0.0,0.0,0.0,4.233618885307021
train:83,0,95.0,19.0,68.0,0.0,3.0,4.0,0.0,0.0,1.0,5.0,0.0,0.0,0.0,0.0,4.2470256558571755
train:84,0,58.0,15.0,35.0,0.0,2.0,0.0,0.0,0.0,1.0,2.0,0.0,0.0,0.0,0.0,4.302139082066753
train:85,0,48.0,24.0,16.0,0.0,2.0,0.0,6.0,0.125,1.0,2.0,0.0,0.0,0.0,0.0,4.339661719245795
train:86,0,115.0,12.0,95.0,0.0,2.0,12.0,0.0,0.0,1.0,3.0,0.0,0.0,0.0,0.0,4.360993343045239
train:87,0,65.0,10.0,47.0,0.0,2.0,3.0,0.0,0.0,0.0,3.0,0.0,0.0,0.0,0.0,4.142416706899415
train:88,0,41.0,18.0,15.0,0.0,2.0,0.0,0.0,0.0,1.0,2.0,0.0,0.0,0.0,0.0,3.909159858636275
train:89,1,23.0,4.0,11.0,0.0,1.0,0.0,0.0,0.0,0.0,1.0,0.0,0.0,0.0,0.0,4.023136955868885
train:90,0,36.0,27.0,1.0,0.0,5.0,0.0,0.0,0.0,3.0,0.0,0.0,0.0,0.0,0.0,3.795371016571089
train:91,1,35.0,26.0,1.0,0.0,2.0,2.0,0.0,0.0,1.0,0.0,0.0,0.0,0.0,0.0,4.090296503327815
train:92,1,34.0,23.0,3.0,0.0,2.0,0.0,0.0,0.0,1.0,1.0,0.0,0.0,0.0,0.0,3.9986525468781666
train:93,1,52.0,31.0,13.0,0.0,2.0,1.0,5.0,0.09615384615384616,1.0,1.0,0.0,0.0,0.0,0.0,4.702856968507876
train:94,0,28.0,19.0,1.0,0.0,1.0,0.0,0.0,0.0,0.0,0.0,0.0,0.0,0.0,0.0,3.9137995646056805
train:95,0,36.0,27.0,1.0,0.0,2.0,0.0,0.0,0.0,1.0,0.0,0.0,0.0,0.0,0.0,3.9675857649105266
train:96,0,125.0,11.0,106.0,0.0,2.0,17.0,7.0,0.056,1.0,3.0,0.0,0.0,0.0,0.0,4.550124644174007
train:97,0,57.0,13.0,36.0,0.0,2.0,2.0,0.0,0.0,1.0,2.0,0.0,0.0,0.0,0.0,4.103006524092324
train:98,0,41.0,19.0,14.0,0.0,2.0,1.0,0.0,0.0,1.0,1.0,0.0,0.0,0.0,0.0,3.957940346441153
train:99,1,23.0,15.0,1.0,0.0,1.0,0.0,0.0,0.0,0.0,0.0,0.0,0.0,0.0,0.0,3.762267390651494
